{
  "project_info": {
    "project_number": "1051649866530",
    "project_id": "stockmanager-1e3f7",
    "storage_bucket": "stockmanager-1e3f7.appspot.com"
  },
  "client": [
    {
      "client_info": {
        "mobilesdk_app_id": "1:1051649866530:android:d971b21cd602c60608837b",
        "android_client_info": {
          "package_name": "com.example.myapplication"
        }
      },
      "oauth_client": [
        {
          "client_id": "1051649866530-cdpc4d4i2euumvm6rl4h0ti17i5hrrma.apps.googleusercontent.com",
          "client_type": 3
        }
      ],
      "api_key": [
        {
          "current_key": "AIzaSyDKyyGflBqwNX057QUCrRV4t8ZsWEpyEeM"
        }
      ],
      "services": {
        "appinvite_service": {
          "other_platform_oauth_client": [
            {
              "client_id": "1051649866530-cdpc4d4i2euumvm6rl4h0ti17i5hrrma.apps.googleusercontent.com",
              "client_type": 3
            }
          ]
        }
      }
    }
  ],
  "configuration_version": "1"
}